time_sec,cmd_linear_x,cmd_angular_z,target_right_mps,target_left_mps,actual_right_mps,actual_left_mps,error_right,error_left,right_ticks,left_ticks,best_angle_deg,weld_status
2.115,0.0,0.0,0.0,0.0,0.0,0.0,0.0,0.0,0,0,nan,UNKNOWN
2.164,0.0,0.0,0.0,0.0,0.0,0.0,0.0,0.0,0,0,nan,UNKNOWN
2.214,0.0,0.0,0.0,0.0,0.0,0.0,0.0,0.0,0,0,nan,UNKNOWN
2.264,0.0,0.0,0.0,0.0,0.0,0.0,0.0,0.0,0,0,nan,UNKNOWN
2.314,0.0,0.0,0.0,0.0,0.0,0.0,0.0,0.0,0,0,nan,UNKNOWN
2.364,0.0,0.0,0.0,0.0,0.0,0.0,0.0,0.0,0,0,nan,UNKNOWN
2.414,0.0,0.0,0.0,0.0,0.0,0.0,0.0,0.0,0,0,nan,UNKNOWN
2.464,0.0,0.0,0.0,0.0,0.0,0.0,0.0,0.0,0,0,nan,UNKNOWN
2.514,0.0,0.0,0.0,0.0,0.0,0.0,0.0,0.0,0,0,nan,UNKNOWN
2.564,0.0,0.0,0.0,0.0,0.0,0.0,0.0,0.0,0,0,nan,UNKNOWN
2.614,0.0,0.0,0.0,0.0,0.0,0.0,0.0,0.0,0,0,nan,UNKNOWN
2.664,0.0,0.0,0.0,0.0,0.0,0.0,0.0,0.0,0,0,nan,UNKNOWN
2.714,0.0,0.0,0.0,0.0,0.0,0.0,0.0,0.0,0,0,nan,UNKNOWN
2.764,0.0,0.0,0.0,0.0,0.0,0.0,0.0,0.0,0,0,nan,UNKNOWN
2.814,0.0,0.0,0.0,0.0,0.0,0.0,0.0,0.0,0,0,nan,UNKNOWN
2.864,0.0,0.0,0.0,0.0,0.0,0.0,0.0,0.0,0,0,nan,UNKNOWN
2.914,0.0,0.0,0.0,0.0,0.0,0.0,0.0,0.0,0,0,nan,UNKNOWN
2.964,0.0,0.0,0.0,0.0,0.0,0.0,0.0,0.0,0,0,nan,UNKNOWN
3.014,0.0,0.0,0.0,0.0,0.0,0.0,0.0,0.0,0,0,nan,UNKNOWN
3.064,0.0,0.0,0.0,0.0,0.0,0.0,0.0,0.0,0,0,nan,UNKNOWN
3.114,0.0,0.0,0.0,0.0,0.0,0.0,0.0,0.0,0,0,nan,UNKNOWN
3.164,0.0,0.0,0.0,0.0,0.0,0.0,0.0,0.0,0,0,nan,UNKNOWN
3.214,0.0,0.0,0.0,0.0,0.0,0.0,0.0,0.0,0,0,nan,UNKNOWN
3.264,0.0,0.0,0.0,0.0,0.0,0.0,0.0,0.0,0,0,nan,UNKNOWN
3.314,0.0,0.0,0.0,0.0,0.0,0.0,0.0,0.0,0,0,nan,UNKNOWN
3.364,0.0,0.0,0.0,0.0,0.0,0.0,0.0,0.0,0,0,nan,UNKNOWN
3.414,0.0,0.0,0.0,0.0,0.0,0.0,0.0,0.0,0,0,nan,UNKNOWN
3.464,0.0,0.0,0.0,0.0,0.0,0.0,0.0,0.0,0,0,nan,UNKNOWN
3.514,0.0,0.0,0.0,0.0,0.0,0.0,0.0,0.0,0,0,nan,UNKNOWN
3.564,0.0,0.0,0.0,0.0,0.0,0.0,0.0,0.0,0,0,nan,UNKNOWN
3.614,0.0,0.0,0.0,0.0,0.0,0.0,0.0,0.0,0,0,nan,UNKNOWN
3.664,0.0,0.0,0.0,0.0,0.0,0.0,0.0,0.0,0,0,nan,UNKNOWN
3.714,0.0,0.0,0.0,0.0,0.0,0.0,0.0,0.0,0,0,nan,UNKNOWN
3.764,0.0,0.0,0.0,0.0,0.0,0.0,0.0,0.0,0,0,nan,UNKNOWN
3.814,0.0,0.0,0.0,0.0,0.0,0.0,0.0,0.0,0,0,nan,UNKNOWN
3.864,0.0,0.0,0.0,0.0,0.0,0.0,0.0,0.0,0,0,nan,UNKNOWN
3.914,0.0,0.0,0.0,0.0,0.0,0.0,0.0,0.0,0,0,nan,UNKNOWN
3.964,0.0,0.0,0.0,0.0,0.0,0.0,0.0,0.0,0,0,nan,UNKNOWN
4.014,0.0,0.0,0.0,0.0,0.0,0.0,0.0,0.0,0,0,nan,UNKNOWN
4.064,0.0,0.0,0.0,0.0,0.0,0.0,0.0,0.0,0,0,nan,UNKNOWN
4.114,0.0,0.0,0.0,0.0,0.0,0.0,0.0,0.0,0,0,nan,UNKNOWN
4.164,0.0,0.0,0.0,0.0,0.0,0.0,0.0,0.0,0,0,nan,UNKNOWN
4.214,0.0,0.0,0.0,0.0,0.0,0.0,0.0,0.0,0,0,nan,UNKNOWN
4.264,0.0,0.0,0.0,0.0,0.0,0.0,0.0,0.0,0,0,nan,UNKNOWN
4.314,0.0,0.0,0.0,0.0,0.0,0.0,0.0,0.0,0,0,nan,UNKNOWN
4.364,0.0,0.0,0.0,0.0,0.0,0.0,0.0,0.0,0,0,nan,UNKNOWN
4.414,0.0,0.0,0.0,0.0,0.0,0.0,0.0,0.0,0,0,nan,UNKNOWN
4.464,0.0,0.0,0.0,0.0,0.0,0.0,0.0,0.0,0,0,nan,UNKNOWN
4.514,0.0,0.0,0.0,0.0,0.0,0.0,0.0,0.0,0,0,nan,UNKNOWN
4.564,0.0,0.0,0.0,0.0,0.0,0.0,0.0,0.0,0,0,nan,UNKNOWN
4.614,0.0,0.0,0.0,0.0,0.0,0.0,0.0,0.0,0,0,nan,UNKNOWN
4.664,0.0,0.0,0.0,0.0,0.0,0.0,0.0,0.0,0,0,nan,UNKNOWN
4.714,0.0,0.0,0.0,0.0,0.0,0.0,0.0,0.0,0,0,nan,UNKNOWN
4.764,0.0,0.0,0.0,0.0,0.0,0.0,0.0,0.0,0,0,nan,UNKNOWN
4.814,0.0,0.0,0.0,0.0,0.0,0.0,0.0,0.0,0,0,nan,UNKNOWN
4.864,0.0,0.0,0.0,0.0,0.0,0.0,0.0,0.0,0,0,nan,UNKNOWN
4.914,0.0,0.0,0.0,0.0,0.0,0.0,0.0,0.0,0,0,nan,UNKNOWN
4.964,0.0,0.0,0.0,0.0,0.0,0.0,0.0,0.0,0,0,nan,UNKNOWN
5.014,0.0,0.0,0.0,0.0,0.0,0.0,0.0,0.0,0,0,nan,UNKNOWN
5.064,0.0,0.0,0.0,0.0,0.0,0.0,0.0,0.0,0,0,nan,UNKNOWN
5.114,0.0,0.0,0.0,0.0,0.0,0.0,0.0,0.0,0,0,nan,UNKNOWN
5.164,0.0,0.0,0.0,0.0,0.0,0.0,0.0,0.0,0,0,nan,UNKNOWN
5.214,0.0,0.0,0.0,0.0,0.0,0.0,0.0,0.0,0,0,nan,UNKNOWN
5.264,0.0,0.0,0.0,0.0,0.0,0.0,0.0,0.0,0,0,nan,UNKNOWN
5.314,0.0,0.0,0.0,0.0,0.0,0.0,0.0,0.0,0,0,nan,UNKNOWN
5.364,0.0,0.0,0.0,0.0,0.0,0.0,0.0,0.0,0,0,nan,UNKNOWN
5.414,0.0,0.0,0.0,0.0,0.0,0.0,0.0,0.0,0,0,nan,UNKNOWN
5.464,0.0,0.0,0.0,0.0,0.0,0.0,0.0,0.0,0,0,nan,UNKNOWN
5.514,0.0,0.0,0.0,0.0,0.0,0.0,0.0,0.0,0,0,nan,UNKNOWN
5.564,0.0,0.0,0.0,0.0,0.0,0.0,0.0,0.0,0,0,nan,UNKNOWN
5.614,0.0,0.0,0.0,0.0,0.0,0.0,0.0,0.0,0,0,nan,UNKNOWN
5.664,0.0,0.0,0.0,0.0,0.0,0.0,0.0,0.0,0,0,nan,UNKNOWN
5.714,0.0,0.0,0.0,0.0,0.0,0.0,0.0,0.0,0,0,nan,UNKNOWN
5.764,0.0,0.0,0.0,0.0,0.0,0.0,0.0,0.0,0,0,nan,UNKNOWN
5.814,0.0,0.0,0.0,0.0,0.0,0.0,0.0,0.0,0,0,nan,UNKNOWN
5.864,0.0,0.0,0.0,0.0,0.0,0.0,0.0,0.0,0,0,nan,UNKNOWN
5.914,0.0,0.0,0.0,0.0,0.0,0.0,0.0,0.0,0,0,nan,UNKNOWN
5.964,0.0,0.0,0.0,0.0,0.0,0.0,0.0,0.0,0,0,nan,UNKNOWN
6.014,0.0,0.0,0.0,0.0,0.0,0.0,0.0,0.0,0,0,nan,UNKNOWN
6.064,0.0,0.0,0.0,0.0,0.0,0.0,0.0,0.0,0,0,nan,UNKNOWN
6.114,0.0,0.0,0.0,0.0,0.0,0.0,0.0,0.0,0,0,nan,UNKNOWN
6.164,0.0,0.0,0.0,0.0,0.0,0.0,0.0,0.0,0,0,nan,UNKNOWN
6.214,0.0,0.0,0.0,0.0,0.0,0.0,0.0,0.0,0,0,nan,UNKNOWN
6.264,0.0,0.0,0.0,0.0,0.0,0.0,0.0,0.0,0,0,nan,UNKNOWN
6.314,0.0,0.0,0.0,0.0,0.0,0.0,0.0,0.0,0,0,nan,UNKNOWN
6.364,0.0,0.0,0.0,0.0,0.0,0.0,0.0,0.0,0,0,nan,UNKNOWN
6.414,0.0,0.0,0.0,0.0,0.0,0.0,0.0,0.0,0,0,nan,UNKNOWN
6.464,0.0,0.0,0.0,0.0,0.0,0.0,0.0,0.0,0,0,nan,UNKNOWN
6.514,0.0,0.0,0.0,0.0,0.0,0.0,0.0,0.0,0,0,nan,UNKNOWN
6.564,0.0,0.0,0.0,0.0,0.0,0.0,0.0,0.0,0,0,nan,UNKNOWN
6.614,0.0,0.0,0.0,0.0,0.0,0.0,0.0,0.0,0,0,nan,UNKNOWN
6.664,0.0,0.0,0.0,0.0,0.0,0.0,0.0,0.0,0,0,nan,UNKNOWN
6.714,0.0,0.0,0.0,0.0,0.0,0.0,0.0,0.0,0,0,nan,UNKNOWN
6.764,0.0,0.0,0.0,0.0,0.0,0.0,0.0,0.0,0,0,nan,UNKNOWN
6.814,0.0,0.0,0.0,0.0,0.0,0.0,0.0,0.0,0,0,nan,UNKNOWN
6.864,0.0,0.0,0.0,0.0,0.0,0.0,0.0,0.0,0,0,nan,UNKNOWN
6.914,0.0,0.0,0.0,0.0,0.0,0.0,0.0,0.0,0,0,nan,UNKNOWN
6.964,0.0,0.0,0.0,0.0,0.0,0.0,0.0,0.0,0,0,nan,UNKNOWN
7.014,0.0,0.0,0.0,0.0,0.0,0.0,0.0,0.0,0,0,nan,UNKNOWN
7.064,0.0,0.0,0.0,0.0,0.0,0.0,0.0,0.0,0,0,nan,UNKNOWN
7.114,0.0,0.0,0.0,0.0,0.0,0.0,0.0,0.0,0,0,nan,UNKNOWN
7.164,0.0,0.0,0.0,0.0,0.0,0.0,0.0,0.0,0,0,nan,UNKNOWN
7.214,0.0,0.0,0.0,0.0,0.0,0.0,0.0,0.0,0,0,nan,UNKNOWN
7.264,0.0,0.0,0.0,0.0,0.0,0.0,0.0,0.0,0,0,nan,UNKNOWN
7.314,0.0,0.0,0.0,0.0,0.0,0.0,0.0,0.0,0,0,nan,UNKNOWN
7.364,0.0,0.0,0.0,0.0,0.0,0.0,0.0,0.0,0,0,nan,UNKNOWN
7.414,0.0,0.0,0.0,0.0,0.0,0.0,0.0,0.0,0,0,nan,UNKNOWN
7.464,0.0,0.0,0.0,0.0,0.0,0.0,0.0,0.0,0,0,nan,UNKNOWN
7.514,0.0,0.0,0.0,0.0,0.0,0.0,0.0,0.0,0,0,nan,UNKNOWN
7.564,0.0,0.0,0.0,0.0,0.0,0.0,0.0,0.0,0,0,nan,UNKNOWN
7.614,0.0,0.0,0.0,0.0,0.0,0.0,0.0,0.0,0,0,nan,UNKNOWN
7.664,0.0,0.0,0.0,0.0,0.0,0.0,0.0,0.0,0,0,nan,UNKNOWN
7.714,0.0,0.0,0.0,0.0,0.0,0.0,0.0,0.0,0,0,nan,UNKNOWN
7.764,0.0,0.0,0.0,0.0,0.0,0.0,0.0,0.0,0,0,nan,UNKNOWN
7.814,0.0,0.0,0.0,0.0,0.0,0.0,0.0,0.0,0,0,nan,UNKNOWN
7.864,0.0,0.0,0.0,0.0,0.0,0.0,0.0,0.0,0,0,nan,UNKNOWN
7.914,0.0,0.0,0.0,0.0,0.0,0.0,0.0,0.0,0,0,nan,UNKNOWN
7.964,0.0,0.0,0.0,0.0,0.0,0.0,0.0,0.0,0,0,nan,UNKNOWN
8.014,0.0,0.0,0.0,0.0,0.0,0.0,0.0,0.0,0,0,nan,UNKNOWN
8.064,0.0,0.0,0.0,0.0,0.0,0.0,0.0,0.0,0,0,nan,UNKNOWN
8.114,0.0,0.0,0.0,0.0,0.0,0.0,0.0,0.0,0,0,nan,UNKNOWN
8.164,0.0,0.0,0.0,0.0,0.0,0.0,0.0,0.0,0,0,nan,UNKNOWN
8.214,0.0,0.0,0.0,0.0,0.0,0.0,0.0,0.0,0,0,nan,UNKNOWN
8.264,0.0,0.0,0.0,0.0,0.0,0.0,0.0,0.0,0,0,nan,UNKNOWN
8.314,0.0,0.0,0.0,0.0,0.0,0.0,0.0,0.0,0,0,nan,UNKNOWN
8.364,0.0,0.0,0.0,0.0,0.0,0.0,0.0,0.0,0,0,nan,UNKNOWN
8.414,0.0,0.0,0.0,0.0,0.0,0.0,0.0,0.0,0,0,nan,UNKNOWN
8.464,0.0,0.0,0.0,0.0,0.0,0.0,0.0,0.0,0,0,nan,UNKNOWN
8.514,0.0,0.0,0.0,0.0,0.0,0.0,0.0,0.0,0,0,nan,UNKNOWN
8.564,0.0,0.0,0.0,0.0,0.0,0.0,0.0,0.0,0,0,nan,UNKNOWN
8.614,0.0,0.0,0.0,0.0,0.0,0.0,0.0,0.0,0,0,nan,UNKNOWN
8.664,0.0,0.0,0.0,0.0,0.0,0.0,0.0,0.0,0,0,nan,UNKNOWN
8.714,0.0,0.0,0.0,0.0,0.0,0.0,0.0,0.0,0,0,nan,UNKNOWN
8.764,0.0,0.0,0.0,0.0,0.0,0.0,0.0,0.0,0,0,nan,UNKNOWN
8.814,0.0,0.0,0.0,0.0,0.0,0.0,0.0,0.0,0,0,nan,UNKNOWN
8.864,0.0,0.0,0.0,0.0,0.0,0.0,0.0,0.0,0,0,nan,UNKNOWN
8.914,0.0,0.0,0.0,0.0,0.0,0.0,0.0,0.0,0,0,nan,UNKNOWN
8.964,0.0,0.0,0.0,0.0,0.0,0.0,0.0,0.0,0,0,nan,UNKNOWN
9.014,0.0,0.0,0.0,0.0,0.0,0.0,0.0,0.0,0,0,nan,UNKNOWN
9.064,0.0,0.0,0.0,0.0,0.0,0.0,0.0,0.0,0,0,nan,UNKNOWN
9.114,0.0,0.0,0.0,0.0,0.0,0.0,0.0,0.0,0,0,nan,UNKNOWN
9.164,0.0,0.0,0.0,0.0,0.0,0.0,0.0,0.0,0,0,nan,UNKNOWN
9.214,0.0,0.0,0.0,0.0,0.0,0.0,0.0,0.0,0,0,nan,UNKNOWN
9.264,0.0,0.0,0.0,0.0,0.0,0.0,0.0,0.0,0,0,nan,UNKNOWN
9.314,0.0,0.0,0.0,0.0,0.0,0.0,0.0,0.0,0,0,nan,UNKNOWN
9.364,0.0,0.0,0.0,0.0,0.0,0.0,0.0,0.0,0,0,nan,UNKNOWN
9.414,0.0,0.0,0.0,0.0,0.0,0.0,0.0,0.0,0,0,nan,UNKNOWN
9.464,0.0,0.0,0.0,0.0,0.0,0.0,0.0,0.0,0,0,nan,UNKNOWN
9.514,0.0,0.0,0.0,0.0,0.0,0.0,0.0,0.0,0,0,nan,UNKNOWN
9.564,0.0,0.0,0.0,0.0,0.0,0.0,0.0,0.0,0,0,nan,UNKNOWN
9.614,0.0,0.0,0.0,0.0,0.0,0.0,0.0,0.0,0,0,nan,UNKNOWN
9.664,0.0,0.0,0.0,0.0,0.0,0.0,0.0,0.0,0,0,nan,UNKNOWN
9.714,0.0,0.0,0.0,0.0,0.0,0.0,0.0,0.0,0,0,nan,UNKNOWN
9.764,0.0,0.0,0.0,0.0,0.0,0.0,0.0,0.0,0,0,nan,UNKNOWN
9.814,0.0,0.0,0.0,0.0,0.0,0.0,0.0,0.0,0,0,nan,UNKNOWN
9.864,0.0,0.0,0.0,0.0,0.0,0.0,0.0,0.0,0,0,nan,UNKNOWN
9.914,0.0,0.0,0.0,0.0,0.0,0.0,0.0,0.0,0,0,nan,UNKNOWN
9.964,0.0,0.0,0.0,0.0,0.0,0.0,0.0,0.0,0,0,nan,UNKNOWN
10.014,0.0,0.0,0.0,0.0,0.0,0.0,0.0,0.0,0,0,nan,UNKNOWN
10.064,0.0,0.0,0.0,0.0,0.0,0.0,0.0,0.0,0,0,nan,UNKNOWN
10.114,0.0,0.0,0.0,0.0,0.0,0.0,0.0,0.0,0,0,nan,UNKNOWN
10.164,0.0,0.0,0.0,0.0,0.0,0.0,0.0,0.0,0,0,nan,UNKNOWN
10.214,0.0,0.0,0.0,0.0,0.0,0.0,0.0,0.0,0,0,nan,UNKNOWN
10.264,0.0,0.0,0.0,0.0,0.0,0.0,0.0,0.0,0,0,nan,UNKNOWN
10.314,0.0,0.0,0.0,0.0,0.0,0.0,0.0,0.0,0,0,nan,UNKNOWN
10.364,0.0,0.0,0.0,0.0,0.0,0.0,0.0,0.0,0,0,nan,UNKNOWN
10.414,0.0,0.0,0.0,0.0,0.0,0.0,0.0,0.0,0,0,nan,UNKNOWN
10.464,0.0,0.0,0.0,0.0,0.0,0.0,0.0,0.0,0,0,nan,UNKNOWN
10.514,0.0,0.0,0.0,0.0,0.0,0.0,0.0,0.0,0,0,nan,UNKNOWN
10.564,0.0,0.0,0.0,0.0,0.0,0.0,0.0,0.0,0,0,nan,UNKNOWN
10.614,0.0,0.0,0.0,0.0,0.0,0.0,0.0,0.0,0,0,nan,UNKNOWN
10.664,0.0,0.0,0.0,0.0,0.0,0.0,0.0,0.0,0,0,nan,UNKNOWN
10.714,0.0,0.0,0.0,0.0,0.0,0.0,0.0,0.0,0,0,nan,UNKNOWN
10.764,0.0,0.0,0.0,0.0,0.0,0.0,0.0,0.0,0,0,nan,UNKNOWN
10.814,0.0,0.0,0.0,0.0,0.0,0.0,0.0,0.0,0,0,nan,UNKNOWN
10.864,0.0,0.0,0.0,0.0,0.0,0.0,0.0,0.0,0,0,nan,UNKNOWN
10.914,0.0,0.0,0.0,0.0,0.0,0.0,0.0,0.0,0,0,nan,UNKNOWN
10.964,0.0,0.0,0.0,0.0,0.0,0.0,0.0,0.0,0,0,nan,UNKNOWN
11.014,0.0,0.0,0.0,0.0,0.0,0.0,0.0,0.0,0,0,nan,UNKNOWN
11.064,0.0,0.0,0.0,0.0,0.0,0.0,0.0,0.0,0,0,nan,UNKNOWN
11.114,0.0,0.0,0.0,0.0,0.0,0.0,0.0,0.0,0,0,nan,UNKNOWN
11.164,0.0,0.0,0.0,0.0,0.0,0.0,0.0,0.0,0,0,nan,UNKNOWN
11.214,0.0,0.0,0.0,0.0,0.0,0.0,0.0,0.0,0,0,nan,UNKNOWN
11.264,0.0,0.0,0.0,0.0,0.0,0.0,0.0,0.0,0,0,nan,UNKNOWN
11.314,0.0,0.0,0.0,0.0,0.0,0.0,0.0,0.0,0,0,nan,UNKNOWN
11.364,0.0,0.0,0.0,0.0,0.0,0.0,0.0,0.0,0,0,nan,UNKNOWN
11.414,0.0,0.0,0.0,0.0,0.0,0.0,0.0,0.0,0,0,nan,UNKNOWN
11.464,0.0,0.0,0.0,0.0,0.0,0.0,0.0,0.0,0,0,nan,UNKNOWN
11.514,0.0,0.0,0.0,0.0,0.0,0.0,0.0,0.0,0,0,nan,UNKNOWN
11.564,0.0,0.0,0.0,0.0,0.0,0.0,0.0,0.0,0,0,nan,UNKNOWN
11.614,0.0,0.0,0.0,0.0,0.0,0.0,0.0,0.0,0,0,nan,UNKNOWN
11.664,0.0,0.0,0.0,0.0,0.0,0.0,0.0,0.0,0,0,nan,UNKNOWN
11.714,0.0,0.0,0.0,0.0,0.0,0.0,0.0,0.0,0,0,nan,UNKNOWN
11.764,0.0,0.0,0.0,0.0,0.0,0.0,0.0,0.0,0,0,nan,UNKNOWN
11.814,0.0,0.0,0.0,0.0,0.0,0.0,0.0,0.0,0,0,nan,UNKNOWN
11.864,0.0,0.0,0.0,0.0,0.0,0.0,0.0,0.0,0,0,nan,UNKNOWN
11.914,0.0,0.0,0.0,0.0,0.0,0.0,0.0,0.0,0,0,nan,UNKNOWN
11.964,0.0,0.0,0.0,0.0,0.0,0.0,0.0,0.0,0,0,nan,UNKNOWN
12.014,0.0,0.0,0.0,0.0,0.0,0.0,0.0,0.0,0,0,nan,UNKNOWN
12.064,0.0,0.0,0.0,0.0,0.0,0.0,0.0,0.0,0,0,nan,UNKNOWN
12.114,0.0,0.0,0.0,0.0,0.0,0.0,0.0,0.0,0,0,nan,UNKNOWN
12.164,0.0,0.0,0.0,0.0,0.0,0.0,0.0,0.0,0,0,nan,UNKNOWN
12.214,0.0,0.0,0.0,0.0,0.0,0.0,0.0,0.0,0,0,nan,UNKNOWN
12.264,0.0,0.0,0.0,0.0,0.0,0.0,0.0,0.0,0,0,nan,UNKNOWN
12.314,0.0,0.0,0.0,0.0,0.0,0.0,0.0,0.0,0,0,nan,UNKNOWN
12.364,0.0,0.0,0.0,0.0,0.0,0.0,0.0,0.0,0,0,nan,UNKNOWN
12.414,0.0,0.0,0.0,0.0,0.0,0.0,0.0,0.0,0,0,nan,UNKNOWN
12.464,0.0,0.0,0.0,0.0,0.0,0.0,0.0,0.0,0,0,nan,UNKNOWN
12.514,0.0,0.0,0.0,0.0,0.0,0.0,0.0,0.0,0,0,nan,UNKNOWN
12.564,0.0,0.0,0.0,0.0,0.0,0.0,0.0,0.0,0,0,nan,UNKNOWN
12.614,0.0,0.0,0.0,0.0,0.0,0.0,0.0,0.0,0,0,nan,UNKNOWN
12.664,0.0,0.0,0.0,0.0,0.0,0.0,0.0,0.0,0,0,nan,UNKNOWN
12.714,0.0,0.0,0.0,0.0,0.0,0.0,0.0,0.0,0,0,nan,UNKNOWN
12.764,0.0,0.0,0.0,0.0,0.0,0.0,0.0,0.0,0,0,nan,UNKNOWN
12.814,0.0,0.0,0.0,0.0,0.0,0.0,0.0,0.0,0,0,nan,UNKNOWN
12.864,0.0,0.0,0.0,0.0,0.0,0.0,0.0,0.0,0,0,nan,UNKNOWN
12.914,0.0,0.0,0.0,0.0,0.0,0.0,0.0,0.0,0,0,nan,UNKNOWN
12.964,0.0,0.0,0.0,0.0,0.0,0.0,0.0,0.0,0,0,nan,UNKNOWN
13.014,0.0,0.0,0.0,0.0,0.0,0.0,0.0,0.0,0,0,nan,UNKNOWN
13.064,0.0,0.0,0.0,0.0,0.0,0.0,0.0,0.0,0,0,nan,UNKNOWN
13.114,0.0,0.0,0.0,0.0,0.0,0.0,0.0,0.0,0,0,nan,UNKNOWN
13.164,0.0,0.0,0.0,0.0,0.0,0.0,0.0,0.0,0,0,nan,UNKNOWN
13.214,0.0,0.0,0.0,0.0,0.0,0.0,0.0,0.0,0,0,nan,UNKNOWN
13.264,0.0,0.0,0.0,0.0,0.0,0.0,0.0,0.0,0,0,nan,UNKNOWN
13.314,0.0,0.0,0.0,0.0,0.0,0.0,0.0,0.0,0,0,nan,UNKNOWN
13.364,0.0,0.0,0.0,0.0,0.0,0.0,0.0,0.0,0,0,nan,UNKNOWN
13.414,0.0,0.0,0.0,0.0,0.0,0.0,0.0,0.0,0,0,nan,UNKNOWN
13.464,0.0,0.0,0.0,0.0,0.0,0.0,0.0,0.0,0,0,nan,UNKNOWN
13.514,0.0,0.0,0.0,0.0,0.0,0.0,0.0,0.0,0,0,nan,UNKNOWN
13.564,0.0,0.0,0.0,0.0,0.0,0.0,0.0,0.0,0,0,nan,UNKNOWN
13.614,0.0,0.0,0.0,0.0,0.0,0.0,0.0,0.0,0,0,nan,UNKNOWN
13.664,0.0,0.0,0.0,0.0,0.0,0.0,0.0,0.0,0,0,nan,UNKNOWN
13.714,0.0,0.0,0.0,0.0,0.0,0.0,0.0,0.0,0,0,nan,UNKNOWN
13.764,0.0,0.0,0.0,0.0,0.0,0.0,0.0,0.0,0,0,nan,UNKNOWN
13.814,0.0,0.0,0.0,0.0,0.0,0.0,0.0,0.0,0,0,nan,UNKNOWN
13.864,0.0,0.0,0.0,0.0,0.0,0.0,0.0,0.0,0,0,nan,UNKNOWN
13.914,0.0,0.0,0.0,0.0,0.0,0.0,0.0,0.0,0,0,nan,UNKNOWN
13.964,0.0,0.0,0.0,0.0,0.0,0.0,0.0,0.0,0,0,nan,UNKNOWN
14.014,0.0,0.0,0.0,0.0,0.0,0.0,0.0,0.0,0,0,nan,UNKNOWN
14.064,0.0,0.0,0.0,0.0,0.0,0.0,0.0,0.0,0,0,nan,UNKNOWN
14.114,0.0,0.0,0.0,0.0,0.0,0.0,0.0,0.0,0,0,nan,UNKNOWN
14.164,0.0,0.0,0.0,0.0,0.0,0.0,0.0,0.0,0,0,nan,UNKNOWN
14.214,0.0,0.0,0.0,0.0,0.0,0.0,0.0,0.0,0,0,nan,UNKNOWN
14.264,0.0,0.0,0.0,0.0,0.0,0.0,0.0,0.0,0,0,nan,UNKNOWN
14.314,0.0,0.0,0.0,0.0,0.0,0.0,0.0,0.0,0,0,nan,UNKNOWN
14.364,0.0,0.0,0.0,0.0,0.0,0.0,0.0,0.0,0,0,nan,UNKNOWN
14.414,0.0,0.0,0.0,0.0,0.0,0.0,0.0,0.0,0,0,nan,UNKNOWN
14.464,0.0,0.0,0.0,0.0,0.0,0.0,0.0,0.0,0,0,nan,UNKNOWN
14.514,0.0,0.0,0.0,0.0,0.0,0.0,0.0,0.0,0,0,nan,UNKNOWN
14.564,0.0,0.0,0.0,0.0,0.0,0.0,0.0,0.0,0,0,nan,UNKNOWN
14.614,0.0,0.0,0.0,0.0,0.0,0.0,0.0,0.0,0,0,nan,UNKNOWN
14.664,0.0,0.0,0.0,0.0,0.0,0.0,0.0,0.0,0,0,nan,UNKNOWN
14.714,0.0,0.0,0.0,0.0,0.0,0.0,0.0,0.0,0,0,nan,UNKNOWN
14.764,0.0,0.0,0.0,0.0,0.0,0.0,0.0,0.0,0,0,nan,UNKNOWN
14.814,0.0,0.0,0.0,0.0,0.0,0.0,0.0,0.0,0,0,nan,UNKNOWN
14.864,0.0,0.0,0.0,0.0,0.0,0.0,0.0,0.0,0,0,nan,UNKNOWN
14.914,0.0,0.0,0.0,0.0,0.0,0.0,0.0,0.0,0,0,nan,UNKNOWN
14.964,0.0,0.0,0.0,0.0,0.0,0.0,0.0,0.0,0,0,nan,UNKNOWN
15.014,0.0,0.0,0.0,0.0,0.0,0.0,0.0,0.0,0,0,nan,UNKNOWN
15.064,0.0,0.0,0.0,0.0,0.0,0.0,0.0,0.0,0,0,nan,UNKNOWN
15.114,0.0,0.0,0.0,0.0,0.0,0.0,0.0,0.0,0,0,nan,UNKNOWN
15.164,0.0,0.0,0.0,0.0,0.0,0.0,0.0,0.0,0,0,nan,UNKNOWN
15.214,0.0,0.0,0.0,0.0,0.0,0.0,0.0,0.0,0,0,nan,UNKNOWN
15.264,0.0,0.0,0.0,0.0,0.0,0.0,0.0,0.0,0,0,nan,UNKNOWN
15.314,0.0,0.0,0.0,0.0,0.0,0.0,0.0,0.0,0,0,nan,UNKNOWN
15.364,0.0,0.0,0.0,0.0,0.0,0.0,0.0,0.0,0,0,nan,UNKNOWN
15.414,0.0,0.0,0.0,0.0,0.0,0.0,0.0,0.0,0,0,nan,UNKNOWN
15.464,0.0,0.0,0.0,0.0,0.0,0.0,0.0,0.0,0,0,nan,UNKNOWN
15.514,0.0,0.0,0.0,0.0,0.0,0.0,0.0,0.0,0,0,nan,UNKNOWN
15.564,0.0,0.0,0.0,0.0,0.0,0.0,0.0,0.0,0,0,nan,UNKNOWN
15.614,0.0,0.0,0.0,0.0,0.0,0.0,0.0,0.0,0,0,nan,UNKNOWN
15.664,0.0,0.0,0.0,0.0,0.0,0.0,0.0,0.0,0,0,nan,UNKNOWN
15.714,0.0,0.0,0.0,0.0,0.0,0.0,0.0,0.0,0,0,nan,UNKNOWN
15.764,0.0,0.0,0.0,0.0,0.0,0.0,0.0,0.0,0,0,nan,UNKNOWN
15.814,0.0,0.0,0.0,0.0,0.0,0.0,0.0,0.0,0,0,nan,UNKNOWN
15.864,0.0,0.0,0.0,0.0,0.0,0.0,0.0,0.0,0,0,nan,UNKNOWN
15.914,0.0,0.0,0.0,0.0,0.0,0.0,0.0,0.0,0,0,nan,UNKNOWN
15.964,0.0,0.0,0.0,0.0,0.0,0.0,0.0,0.0,0,0,nan,UNKNOWN
16.014,0.0,0.0,0.0,0.0,0.0,0.0,0.0,0.0,0,0,nan,UNKNOWN
16.064,0.0,0.0,0.0,0.0,0.0,0.0,0.0,0.0,0,0,nan,UNKNOWN
16.114,0.0,0.0,0.0,0.0,0.0,0.0,0.0,0.0,0,0,nan,UNKNOWN
16.164,0.0,0.0,0.0,0.0,0.0,0.0,0.0,0.0,0,0,nan,UNKNOWN
16.214,0.0,0.0,0.0,0.0,0.0,0.0,0.0,0.0,0,0,nan,UNKNOWN
16.264,0.0,0.0,0.0,0.0,0.0,0.0,0.0,0.0,0,0,nan,UNKNOWN
16.314,0.0,0.0,0.0,0.0,0.0,0.0,0.0,0.0,0,0,nan,UNKNOWN
16.364,0.0,0.0,0.0,0.0,0.0,0.0,0.0,0.0,0,0,nan,UNKNOWN
16.414,0.0,0.0,0.0,0.0,0.0,0.0,0.0,0.0,0,0,nan,UNKNOWN
16.464,0.0,0.0,0.0,0.0,0.0,0.0,0.0,0.0,0,0,nan,UNKNOWN
16.514,0.0,0.0,0.0,0.0,0.0,0.0,0.0,0.0,0,0,nan,UNKNOWN
16.564,0.0,0.0,0.0,0.0,0.0,0.0,0.0,0.0,0,0,nan,UNKNOWN
16.614,0.0,0.0,0.0,0.0,0.0,0.0,0.0,0.0,0,0,nan,UNKNOWN
16.664,0.0,0.0,0.0,0.0,0.0,0.0,0.0,0.0,0,0,nan,UNKNOWN
16.714,0.0,0.0,0.0,0.0,0.0,0.0,0.0,0.0,0,0,nan,UNKNOWN
16.764,0.0,0.0,0.0,0.0,0.0,0.0,0.0,0.0,0,0,nan,UNKNOWN
16.814,0.0,0.0,0.0,0.0,0.0,0.0,0.0,0.0,0,0,nan,UNKNOWN
16.864,0.0,0.0,0.0,0.0,0.0,0.0,0.0,0.0,0,0,nan,UNKNOWN
16.914,0.0,0.0,0.0,0.0,0.0,0.0,0.0,0.0,0,0,nan,UNKNOWN
16.964,0.0,0.0,0.0,0.0,0.0,0.0,0.0,0.0,0,0,nan,UNKNOWN
17.014,0.0,0.0,0.0,0.0,0.0,0.0,0.0,0.0,0,0,nan,UNKNOWN
17.064,0.0,0.0,0.0,0.0,0.0,0.0,0.0,0.0,0,0,nan,UNKNOWN
17.114,0.0,0.0,0.0,0.0,0.0,0.0,0.0,0.0,0,0,nan,UNKNOWN
17.164,0.0,0.0,0.0,0.0,0.0,0.0,0.0,0.0,0,0,nan,UNKNOWN
17.214,0.0,0.0,0.0,0.0,0.0,0.0,0.0,0.0,0,0,nan,UNKNOWN
17.264,0.0,0.0,0.0,0.0,0.0,0.0,0.0,0.0,0,0,nan,UNKNOWN
17.314,0.0,0.0,0.0,0.0,0.0,0.0,0.0,0.0,0,0,nan,UNKNOWN
17.364,0.0,0.0,0.0,0.0,0.0,0.0,0.0,0.0,0,0,nan,UNKNOWN
17.414,0.0,0.0,0.0,0.0,0.0,0.0,0.0,0.0,0,0,nan,UNKNOWN
17.464,0.0,0.0,0.0,0.0,0.0,0.0,0.0,0.0,0,0,nan,UNKNOWN
17.514,0.0,0.0,0.0,0.0,0.0,0.0,0.0,0.0,0,0,nan,UNKNOWN
17.564,0.0,0.0,0.0,0.0,0.0,0.0,0.0,0.0,0,0,nan,UNKNOWN
17.614,0.0,0.0,0.0,0.0,0.0,0.0,0.0,0.0,0,0,nan,UNKNOWN
17.664,0.0,0.0,0.0,0.0,0.0,0.0,0.0,0.0,0,0,nan,UNKNOWN
17.714,0.0,0.0,0.0,0.0,0.0,0.0,0.0,0.0,0,0,nan,UNKNOWN
17.764,0.0,0.0,0.0,0.0,0.0,0.0,0.0,0.0,0,0,nan,UNKNOWN
17.814,0.0,0.0,0.0,0.0,0.0,0.0,0.0,0.0,0,0,nan,UNKNOWN
17.864,0.0,0.0,0.0,0.0,0.0,0.0,0.0,0.0,0,0,nan,UNKNOWN
17.914,0.0,0.0,0.0,0.0,0.0,0.0,0.0,0.0,0,0,nan,UNKNOWN
17.964,0.0,0.0,0.0,0.0,0.0,0.0,0.0,0.0,0,0,nan,UNKNOWN
18.014,0.0,0.0,0.0,0.0,0.0,0.0,0.0,0.0,0,0,nan,UNKNOWN
18.064,0.0,0.0,0.0,0.0,0.0,0.0,0.0,0.0,0,0,nan,UNKNOWN
18.114,0.0,0.0,0.0,0.0,0.0,0.0,0.0,0.0,0,0,nan,UNKNOWN
18.164,0.0,0.0,0.0,0.0,0.0,0.0,0.0,0.0,0,0,nan,UNKNOWN
18.214,0.0,0.0,0.0,0.0,0.0,0.0,0.0,0.0,0,0,nan,UNKNOWN
18.264,0.0,0.0,0.0,0.0,0.0,0.0,0.0,0.0,0,0,nan,UNKNOWN
18.314,0.0,0.0,0.0,0.0,0.0,0.0,0.0,0.0,0,0,nan,UNKNOWN
18.364,0.0,0.0,0.0,0.0,0.0,0.0,0.0,0.0,0,0,nan,UNKNOWN
18.415,0.0,0.0,0.0,0.0,0.0,0.0,0.0,0.0,0,0,nan,UNKNOWN
18.464,0.0,0.0,0.0,0.0,0.0,0.0,0.0,0.0,0,0,nan,UNKNOWN
18.515,0.0,0.0,0.0,0.0,0.0,0.0,0.0,0.0,0,0,nan,UNKNOWN
18.564,0.0,0.0,0.0,0.0,0.0,0.0,0.0,0.0,0,0,nan,UNKNOWN
18.615,0.0,0.0,0.0,0.0,0.0,0.0,0.0,0.0,0,0,nan,UNKNOWN
18.664,0.0,0.0,0.0,0.0,0.0,0.0,0.0,0.0,0,0,nan,UNKNOWN
18.715,0.0,0.0,0.0,0.0,0.0,0.0,0.0,0.0,0,0,nan,UNKNOWN
18.764,0.0,0.0,0.0,0.0,0.0,0.0,0.0,0.0,0,0,nan,UNKNOWN
18.815,0.0,0.0,0.0,0.0,0.0,0.0,0.0,0.0,0,0,nan,UNKNOWN
18.864,0.0,0.0,0.0,0.0,0.0,0.0,0.0,0.0,0,0,nan,UNKNOWN
18.915,0.0,0.0,0.0,0.0,0.0,0.0,0.0,0.0,0,0,nan,UNKNOWN
18.964,0.0,0.0,0.0,0.0,0.0,0.0,0.0,0.0,0,0,nan,UNKNOWN
19.015,0.0,0.0,0.0,0.0,0.0,0.0,0.0,0.0,0,0,nan,UNKNOWN
19.064,0.0,0.0,0.0,0.0,0.0,0.0,0.0,0.0,0,0,nan,UNKNOWN
19.115,0.0,0.0,0.0,0.0,0.0,0.0,0.0,0.0,0,0,nan,UNKNOWN
19.164,0.0,0.0,0.0,0.0,0.0,0.0,0.0,0.0,0,0,nan,UNKNOWN
19.215,0.0,0.0,0.0,0.0,0.0,0.0,0.0,0.0,0,0,nan,UNKNOWN
19.264,0.0,0.0,0.0,0.0,0.0,0.0,0.0,0.0,0,0,nan,UNKNOWN
19.315,0.0,0.0,0.0,0.0,0.0,0.0,0.0,0.0,0,0,nan,UNKNOWN
19.364,0.0,0.0,0.0,0.0,0.0,0.0,0.0,0.0,0,0,nan,UNKNOWN
19.415,0.0,0.0,0.0,0.0,0.0,0.0,0.0,0.0,0,0,nan,UNKNOWN
19.464,0.0,0.0,0.0,0.0,0.0,0.0,0.0,0.0,0,0,nan,UNKNOWN
19.515,0.0,0.0,0.0,0.0,0.0,0.0,0.0,0.0,0,0,nan,UNKNOWN
19.564,0.0,0.0,0.0,0.0,0.0,0.0,0.0,0.0,0,0,nan,UNKNOWN
19.615,0.0,0.0,0.0,0.0,0.0,0.0,0.0,0.0,0,0,nan,UNKNOWN
19.664,0.0,0.0,0.0,0.0,0.0,0.0,0.0,0.0,0,0,nan,UNKNOWN
19.715,0.0,0.0,0.0,0.0,0.0,0.0,0.0,0.0,0,0,nan,UNKNOWN
19.764,0.0,0.0,0.0,0.0,0.0,0.0,0.0,0.0,0,0,nan,UNKNOWN
19.815,0.0,0.0,0.0,0.0,0.0,0.0,0.0,0.0,0,0,nan,UNKNOWN
19.864,0.0,0.0,0.0,0.0,0.0,0.0,0.0,0.0,0,0,nan,UNKNOWN
19.915,0.0,0.0,0.0,0.0,0.0,0.0,0.0,0.0,0,0,nan,UNKNOWN
19.964,0.0,0.0,0.0,0.0,0.0,0.0,0.0,0.0,0,0,nan,UNKNOWN
20.015,0.0,0.0,0.0,0.0,0.0,0.0,0.0,0.0,0,0,nan,UNKNOWN
20.064,0.0,0.0,0.0,0.0,0.0,0.0,0.0,0.0,0,0,nan,UNKNOWN
20.115,0.0,0.0,0.0,0.0,0.0,0.0,0.0,0.0,0,0,nan,UNKNOWN
20.164,0.0,0.0,0.0,0.0,0.0,0.0,0.0,0.0,0,0,nan,UNKNOWN
20.215,0.0,0.0,0.0,0.0,0.0,0.0,0.0,0.0,0,0,nan,UNKNOWN
20.264,0.0,0.0,0.0,0.0,0.0,0.0,0.0,0.0,0,0,nan,UNKNOWN
20.315,0.0,0.0,0.0,0.0,0.0,0.0,0.0,0.0,0,0,nan,UNKNOWN
20.364,0.0,0.0,0.0,0.0,0.0,0.0,0.0,0.0,0,0,nan,UNKNOWN
20.415,0.0,0.0,0.0,0.0,0.0,0.0,0.0,0.0,0,0,nan,UNKNOWN
20.464,0.0,0.0,0.0,0.0,0.0,0.0,0.0,0.0,0,0,nan,UNKNOWN
20.515,0.0,0.0,0.0,0.0,0.0,0.0,0.0,0.0,0,0,nan,UNKNOWN
20.564,0.0,0.0,0.0,0.0,0.0,0.0,0.0,0.0,0,0,nan,UNKNOWN
20.615,0.0,0.0,0.0,0.0,0.0,0.0,0.0,0.0,0,0,nan,UNKNOWN
20.664,0.0,0.0,0.0,0.0,0.0,0.0,0.0,0.0,0,0,nan,UNKNOWN
20.715,0.0,0.0,0.0,0.0,0.0,0.0,0.0,0.0,0,0,nan,UNKNOWN
20.764,0.0,0.0,0.0,0.0,0.0,0.0,0.0,0.0,0,0,nan,UNKNOWN
20.815,0.0,0.0,0.0,0.0,0.0,0.0,0.0,0.0,0,0,nan,UNKNOWN
20.864,0.0,0.0,0.0,0.0,0.0,0.0,0.0,0.0,0,0,nan,UNKNOWN
20.915,0.0,0.0,0.0,0.0,0.0,0.0,0.0,0.0,0,0,nan,UNKNOWN
20.964,0.0,0.0,0.0,0.0,0.0,0.0,0.0,0.0,0,0,nan,UNKNOWN
21.015,0.0,0.0,0.0,0.0,0.0,0.0,0.0,0.0,0,0,nan,UNKNOWN
21.064,0.0,0.0,0.0,0.0,0.0,0.0,0.0,0.0,0,0,nan,UNKNOWN
21.115,0.0,0.0,0.0,0.0,0.0,0.0,0.0,0.0,0,0,nan,UNKNOWN
21.164,0.0,0.0,0.0,0.0,0.0,0.0,0.0,0.0,0,0,nan,UNKNOWN
21.215,0.0,0.0,0.0,0.0,0.0,0.0,0.0,0.0,0,0,nan,UNKNOWN
21.264,0.0,0.0,0.0,0.0,0.0,0.0,0.0,0.0,0,0,nan,UNKNOWN
21.315,0.0,0.0,0.0,0.0,0.0,0.0,0.0,0.0,0,0,nan,UNKNOWN
21.364,0.0,0.0,0.0,0.0,0.0,0.0,0.0,0.0,0,0,nan,UNKNOWN
21.415,0.0,0.0,0.0,0.0,0.0,0.0,0.0,0.0,0,0,nan,UNKNOWN
21.464,0.0,0.0,0.0,0.0,0.0,0.0,0.0,0.0,0,0,nan,UNKNOWN
21.515,0.0,0.0,0.0,0.0,0.0,0.0,0.0,0.0,0,0,nan,UNKNOWN
21.564,0.0,0.0,0.0,0.0,0.0,0.0,0.0,0.0,0,0,nan,UNKNOWN
